citing,cited,citing_sic,citing_gyear,citing_icl,cited_sic,cited_gyear,cited_icl
6677699,6808399,9997,2004,H01K,9997,2004,H01R
6714214,6831912,7372,2004,G09G,3812,2004,H04J
6714542,6678272,3674,2004,H04L,3674,2004,H04L
6714542,6678276,3674,2004,H04L,3674,2004,H04L
6715039,6678805,3572,2004,G06F,7372,2004,G06F
6719643,6672975,3949,2004,A63B,3949,2004,A63B
6725051,6677895,3570,2004,H04Q,3812,2004,G01S
6731608,6680917,7370,2004,H04L,3576,2004,H04L
6732270,6694429,3663,2004,G06F,4813,2004,H04L
6732270,6701439,3663,2004,G06F,7373,2004,G06F
6732979,6678597,6172,2004,B62D,3714,2004,B62D
6735595,6675169,3570,2004,G06F,7372,2004,G06F
6736599,6685434,9997,2004,F01D,9997,2004,F01D
6736749,6672987,3711,2004,F16H,3711,2004,F16H
6736749,6672988,3711,2004,F16H,3711,2004,F16H
6738006,6674377,3674,2004,H03M,6794,2004,H03M
6738631,6674993,3663,2004,H04Q,8731,2004,H04H
6738868,6678798,3570,2004,G06F,3571,2004,G06F
6738868,6681293,3570,2004,G06F,3571,2004,G06F
6740444,6677070,3570,2004,H01M,3570,2004,H01M
6743118,6676536,3949,2004,A63B,3949,2004,A63B
6744303,6683489,3571,2004,G05F,3674,2004,G05F
6745248,6681228,7389,2004,G06F,7372,2004,G06F
6745299,6704843,3570,2004,G06F,7370,2004,G06F
6745307,6694457,3570,2004,G06F,3570,2004,G06F
6745848,6679339,3523,2004,A01B,3523,2004,A01B
6746882,6673638,3674,2004,H01L,3827,2004,H01L
6748039,6681272,3674,2004,H04L,3674,2004,G06F
6748339,6687881,3571,2004,G06F,3571,2004,G06F
6748339,6691291,3571,2004,G06F,3571,2004,G06F
6748356,6684186,7370,2004,G10L,7370,2004,G10L
6748441,6678855,7372,2004,G06F,7372,2004,H03M
6750069,6673675,3674,2004,H01L,3674,2004,H01L
6751604,6686927,3570,2004,G06F,3571,2004,G09G
6751815,6684420,2590,2004,A47C,2590,2004,A47D
6752063,6679159,3790,2004,F41A,3790,2004,F41A
6752425,6679508,3711,2004,B62D,3714,2004,B62D
6752776,6689075,8093,2004,A61F,8093,2004,A61H
6752785,6689100,3845,2004,A61M,3841,2004,A61M
6753503,6674046,3540,2004,B23K,3540,2004,B23K
6753823,6683581,4813,2004,H01Q,4813,2004,H01Q
6753873,6684321,9997,2004,G06F,3674,2004,G06F
6754182,6674716,7370,2004,H04L,7370,2004,H04J
6754321,6674767,7370,2004,H04M,7372,2004,H04L
6754333,6704409,3663,2004,H04M,7372,2004,H04M
6754728,6694317,3571,2004,G06F,7370,2004,G06F
6754848,6681390,7370,2004,G06F,3572,2004,G06F
6756276,6689671,3674,2004,H01L,3674,2004,H01L
6756929,6686864,3674,2004,H03M,3674,2004,H03M
6757242,6678241,3674,2004,G01R,3576,2004,G01R
6757431,6683702,3577,2004,G06K,3577,2004,G06K
6757648,6678654,7372,2004,G10L,3760,2004,G10L
6757692,6684221,3812,2004,G06F,7372,2004,G06F
6757742,6690667,3674,2004,G06F,3674,2004,H04L
6757755,6681274,3674,2004,G06F,3674,2004,G06F
6757769,6691194,3572,2004,G06F,3572,2004,G06F
6757776,6678760,3674,2004,G06F,3674,2004,G06F
6757790,6678799,3572,2004,G06F,3570,2004,G06F
6757860,6681365,3674,2004,H03M,7373,2004,H03M
6758516,6676200,3711,2004,B62D,3711,2004,B62D
6758565,6676260,3861,2004,G03B,3861,2004,G03B
6758993,6679236,3714,2004,B29C,3714,2004,F02P
6760127,6721063,3577,2004,H04N,3577,2004,G06K
6760177,6700733,7370,2004,G11B,7370,2004,G11B
6760574,6707868,3674,2004,H04B,3674,2004,H04L
6760792,6694397,3674,2004,G06F,3674,2004,G06F
6760839,6681339,7370,2004,G06F,7370,2004,G06F
6760839,6681390,7370,2004,G06F,3572,2004,G06F
6760844,6704779,7373,2004,G06F,7373,2004,G06F
6760885,6697564,7372,2004,G06F,9997,2004,H04N
6760967,6701607,3674,2004,H01F,3674,2004,H01F
6762432,6680484,3674,2004,H01L,3674,2004,H01L
6762625,6700403,3674,2004,H03K,3674,2004,H03K
6762634,6693987,3674,2004,H03L,3674,2004,H03D
6762865,6674555,3695,2004,G03H,7373,2004,G03H
6762893,6700718,3572,2004,G11B,3572,2004,G11B
6763121,6694041,3570,2004,G06K,7372,2004,G06K
6763201,6681084,3577,2004,G03G,3577,2004,G03G
6763360,6701519,7372,2004,G06F,7372,2004,G06F
6763404,6681289,7370,2004,G06F,7370,2004,G06F
6763433,6681293,7370,2004,G06F,3571,2004,G06F
6763476,6714959,7373,2004,G06F,7373,2004,G06F
6763500,6675353,7372,2004,G06F,7372,2004,G06F
6763724,6672170,3674,2004,G01L,3674,2004,G01L
6763800,6675639,3711,2004,F02B,3531,2004,G01M
6763800,6687601,3711,2004,F02B,3510,2004,F02M
6763800,6711492,3711,2004,F02B,3714,2004,F16H
6764462,6691047,2590,2004,A61M,3845,2004,G01F
6764628,6682677,3728,2004,D01D,3728,2004,D01D
6764784,6689499,9997,2004,H01M,9997,2004,H01M
6764874,6689674,3663,2004,H01L,3663,2004,H01L
6765250,6677631,3674,2004,H01L,3674,2004,H01L
6765254,6704188,3674,2004,H01L,3674,2004,H01G
6765823,6689622,3674,2004,G11C,3674,2004,H01L
6765905,6680948,3663,2004,H04L,9997,2004,H04B
6766158,6694129,3674,2004,H04B,3663,2004,H04B
6766215,6684122,3674,2004,G06F,3674,2004,G06F
6766324,6684387,7370,2004,G06F,7370,2004,G06F
6766464,6675327,3571,2004,G06F,3674,2004,G11B
6766469,6684292,3570,2004,G06F,3570,2004,G06F
6766472,6691250,7372,2004,G06F,3576,2004,G06F
6766477,6684387,3571,2004,G06F,7370,2004,G06F
6767181,6675777,3714,2004,F01D,3714,2004,F02M
6767181,6675778,3714,2004,F01D,3714,2004,F02M
6767181,6688844,3714,2004,F01D,3714,2004,F04D
6767508,6676957,2211,2004,A61L,2211,2004,A61K
6767781,6686668,3674,2004,H01L,3674,2004,H01L
6767884,6673765,2842,2004,C11D,2842,2004,C11D
6769015,6684369,7370,2004,G06F,7370,2004,G06F
6769021,6691160,3576,2004,G06F,3576,2004,G06F
6769117,6681384,7370,2004,G06F,7370,2004,G06F
6769265,6691524,3630,2004,F25D,9997,2004,F25D
6769487,6672093,1389,2004,E21B,3533,2004,F25B
6769861,6682113,3559,2004,B65G,3559,2004,B66C
6769879,6685434,9997,2004,F01D,9997,2004,F01D
6769879,6715990,9997,2004,F01D,9997,2004,F01D
6769879,6722851,9997,2004,F01D,9997,2004,F01D
6769879,6722852,9997,2004,F01D,9997,2004,F01D
6770554,6680520,3674,2004,H01L,7370,2004,H01L
6770569,6701779,3674,2004,H01L,7370,2004,G01P
6770778,6696440,2834,2004,C07C,2834,2004,A61K
6770968,6719871,7370,2004,H01L,7370,2004,B32B
6771005,6679474,3531,2004,H01L,3531,2004,F16K
6771005,6695283,3531,2004,H01L,3531,2004,F16K
6771005,6705588,3531,2004,H01L,3531,2004,F16K
6771170,6675071,9997,2004,G08B,9997,2004,G05D
6771508,6684501,3674,2004,H05K,7370,2004,H05K
6771533,6693823,3674,2004,G11C,3674,2004,G11C
6771578,6673410,9997,2004,H04N,9997,2004,B32B
6771608,6708019,6172,2004,G01R,6172,2004,H04B
6771611,6724837,3674,2004,H04L,3674,2004,H03D
6771762,6674851,4813,2004,H04M,4813,2004,H04M
6772135,6704612,6141,2004,G06F,6020,2004,G06F
6772161,6687701,3570,2004,G06F,3570,2004,G06F
6772167,6681229,7370,2004,G06F,7370,2004,G06F
6772257,6708241,3674,2004,G06F,3674,2004,G06F
6772272,6675260,7370,2004,G06F,3570,2004,G06F
6772377,6697975,3674,2004,H03M,3674,2004,G11C
6772604,6718277,3570,2004,F25D,3570,2004,G06F
6772620,6700670,3829,2004,G01B,3829,2004,G01B
6773370,6689010,3711,2004,F16H,3711,2004,F16H
6773370,6709358,3711,2004,F16H,3711,2004,F16H
6773370,6716130,3711,2004,F16H,3711,2004,F16H
6773989,6706592,3674,2004,H01L,3674,2004,H01L
6774327,6673697,3825,2004,H01L,3674,2004,H01L
6774373,6710360,3559,2004,H01J,3559,2004,H01J
6774457,6692994,3674,2004,H01L,3721,2004,H01L
6774836,6683485,7370,2004,H04L,3674,2004,H03L
6774998,6710876,3674,2004,G01B,3827,2004,G01B
6775078,6700719,3674,2004,G11B,3674,2004,G11B
6775168,6697277,3674,2004,G11C,7370,2004,G11C
6775192,6674677,3674,2004,G11C,3674,2004,G11C
6775223,6704267,3570,2004,G11B,3570,2004,G11B
6775223,6735163,3570,2004,G11B,3570,2004,G11B
6775623,6697729,3711,2004,G01N,3510,2004,F02M
6775672,6687701,3570,2004,G06F,3570,2004,G06F
6775673,6687701,3570,2004,G06F,3570,2004,G06F
6775719,6678782,3674,2004,G06F,7370,2004,G06F
6775719,6690757,3674,2004,G06F,3570,2004,H04L
6775995,6698663,3600,2004,F25B,3714,2004,F24F
6776221,6690575,3674,2004,F28F,7373,2004,H05K
6777025,6695029,3861,2004,B32B,3861,2004,B32B
6777025,6695030,3861,2004,B32B,3861,2004,B32B
6777571,6710207,2821,2004,C07C,2821,2004,C07C
6777800,6674157,3674,2004,H01L,3674,2004,H01L
6777907,6683428,3674,2004,H02P,3711,2004,H02P
6777951,6721283,3728,2004,G01R,3728,2004,G01R
6777971,6717430,3674,2004,G01R,3663,2004,G01R
6777980,6686769,3674,2004,H03K,3674,2004,H03K
6778553,6728775,7372,2004,H04J,7372,2004,G06F
6778554,6674727,3674,2004,H04J,3576,2004,H04L
6778665,6674857,3674,2004,H04M,3674,2004,H04M
6778665,6687371,3674,2004,H04M,3674,2004,H04M
6778682,6675146,7372,2004,H04K,7372,2004,H04K
6778958,6718303,7370,2004,G10L,7370,2004,G10L
6778983,6721727,7370,2004,G06F,7370,2004,G06F
6779076,6697909,3674,2004,G06F,7370,2004,G06F
6779106,6675375,7370,2004,G06F,3571,2004,G06F
6779132,6687845,3728,2004,G06F,3728,2004,G06F
6779132,6697959,3728,2004,G06F,3728,2004,G06F
6779151,6701485,7372,2004,G06F,7372,2004,G06F
6779607,6719054,1600,2004,E21B,1600,2004,E21B
6779717,6672505,3578,2004,G06F,3578,2004,G06F
6779717,6676018,3578,2004,G06F,3578,2004,G06F
6779717,6705517,3578,2004,G06F,3578,2004,G06F
6779977,6715990,9997,2004,F01D,9997,2004,F01D
6779977,6722852,9997,2004,F01D,9997,2004,F01D
6780059,6676450,3825,2004,H01R,9997,2004,H01R
6780762,6686288,3674,2004,H01L,3674,2004,H01L
6780762,6696359,3674,2004,H01L,3674,2004,H01L
6780834,6692536,2844,2004,C11D,2840,2004,D06Q
6781008,6710207,2821,2004,C07C,2821,2004,C07C
6781418,6674306,3674,2004,H03K,3674,2004,H03K
6781486,6711394,3812,2004,H01P,3825,2004,H04B
6781638,6690290,3651,2004,H04N,3651,2004,G08C
6781969,6711380,3663,2004,H04B,3663,2004,H04B
6782257,6678525,7373,2004,H04Q,7373,2004,H04Q
6782317,6672145,3728,2004,G01M,3728,2004,G01M
6782415,6717957,3579,2004,G06F,3579,2004,H04J
6782421,6701342,4813,2004,G06F,3825,2004,G06F
6782421,6718358,4813,2004,G06F,7370,2004,G06F
6782443,6678760,3570,2004,G06F,3674,2004,G06F
6782453,6681297,3570,2004,G06F,3674,2004,G06F
6782471,6721885,3570,2004,G06F,7370,2004,G06F
6782495,6681344,3577,2004,G06F,7372,2004,G06F
6782537,6718398,7370,2004,G06F,3571,2004,G06F
6782868,6691669,3711,2004,F00D,3711,2004,F02B
6782868,6735938,3711,2004,F00D,3711,2004,F01N
6782868,6736121,3711,2004,F00D,3711,2004,F02D
6782868,6745747,3711,2004,F00D,3711,2004,F02D
6782871,6748964,9997,2004,G05D,9997,2004,G05D
6782887,6722364,3841,2004,A61M,3841,2004,A61M
6783159,6689243,3570,2004,B42D,3714,2004,B65C
6783337,6682315,3531,2004,F04B,3531,2004,F04B
6784094,6673713,3674,2004,H01L,3674,2004,H01L
6784094,6703297,3674,2004,H01L,3674,2004,H01L
6784141,6702044,1600,2004,C09K,1600,2004,E21B
6784746,6677823,3825,2004,H03F,3357,2004,H03G
6784818,6697005,3674,2004,H03M,3674,2004,H03M
6784818,6720798,3674,2004,H03M,3674,2004,H03K
6784822,6677879,3674,2004,H03M,3674,2004,H03M
6784892,6734867,3674,2004,G09G,3674,2004,G09G
6785153,6711041,3674,2004,G11C,3674,2004,G11C
6785223,6674713,9997,2004,H04L,3576,2004,H04J
6785321,6677895,3663,2004,H04B,3812,2004,G01S
6785419,6701016,7372,2004,G06K,7372,2004,G06K
6785551,6725049,3711,2004,H04Q,3663,2004,H04Q
6785725,6714541,3661,2004,G06F,3576,2004,H04L
6785772,6678795,3674,2004,G06F,7370,2004,G06F
6785775,6681293,7373,2004,G06F,3571,2004,G06F
6785775,6704831,7373,2004,G06F,3571,2004,G06F
6785832,6700409,7370,2004,G06F,3571,2004,G11C
6785832,6724846,7370,2004,G06F,3570,2004,H04L
6785836,6718435,3674,2004,G06F,7370,2004,G06F
6785887,6697834,7370,2004,G06F,3571,2004,G06F
6785979,6681496,6172,2004,G01B,3825,2004,G01B
6786193,6725830,9997,2004,F02B,3711,2004,F02P
6786468,6676106,3714,2004,F16K,3577,2004,F16K
6786905,6692491,3841,2004,A61B,3841,2004,A61B
6787423,6730576,3674,2004,H01L,3674,2004,H01L
6787440,6674138,3674,2004,H01L,3674,2004,H01L
6787440,6682973,3674,2004,H01L,3674,2004,H01L
6787440,6689675,3674,2004,H01L,3674,2004,H01L
6787440,6693004,3674,2004,H01L,3674,2004,H01L
6787440,6713358,3674,2004,H01L,3674,2004,H01L
6787852,6723621,3674,2004,H01L,7370,2004,H01L
6788098,6693436,3674,2004,H03K,3674,2004,G01R
6788226,6674374,7373,2004,H03M,7373,2004,H03M
6788238,6674388,3674,2004,H03M,3674,2004,H03M
6788461,6714350,3861,2004,G02B,3861,2004,G02B
6788647,6684244,3576,2004,H04L,3570,2004,G06F
6788657,6680932,7373,2004,H04Q,7373,2004,H04J
6789059,6714907,3663,2004,G10L,3674,2004,G10L
6789086,6714935,7372,2004,G06F,7372,2004,G06F
6789086,6721742,7372,2004,G06F,7370,2004,G06F
6789086,6721747,7372,2004,G06F,7372,2004,G06F
6789116,6690668,3674,2004,G06F,3674,2004,H04L
6789143,6694361,7370,2004,G06F,3674,2004,G06F
6789143,6704831,7370,2004,G06F,3571,2004,G06F
6789245,6708314,3571,2004,G06F,3571,2004,G06F
6789254,6675230,7370,2004,G06F,7370,2004,G06F
6789254,6675371,7370,2004,G06F,3570,2004,G06F
6789307,6683581,4813,2004,H01P,4813,2004,H01Q
6789392,6711908,3630,2004,F25B,3630,2004,F25B
6789624,6702018,1600,2004,E21B,1600,2004,E21B
6789624,6702019,1600,2004,E21B,1600,2004,E21B
6789730,6676018,3578,2004,G06F,3578,2004,G06F
6789886,6702436,3577,2004,B41J,3570,2004,B41J
6789890,6679602,3570,2004,B41J,3570,2004,B41J
6790005,6672829,9997,2004,F01D,9997,2004,F01D
6790057,6709277,9997,2004,H01R,3674,2004,H01R
6790585,6713226,3861,2004,G03C,3861,2004,G03C
6790686,6687561,3674,2004,H01L,3674,2004,G06F
6790738,6680502,3674,2004,H01L,3674,2004,H01L
6790738,6686235,3674,2004,H01L,3674,2004,H01L
6790748,6686642,3674,2004,H01L,3570,2004,H01L
6790752,6682947,3674,2004,H01L,3674,2004,H01L
6791016,6727410,2820,2004,A01H,2820,2004,A01H
6791185,6696757,3674,2004,H01L,3674,2004,H01L
6791189,6691407,3674,2004,H01L,3674,2004,H05K
6791204,6697270,3728,2004,F02C,3728,2004,H02H
6791204,6713892,3728,2004,F02C,3510,2004,F02N
6791274,6703080,3679,2004,H01J,2911,2004,B05D
6791362,6700410,3728,2004,H03K,3571,2004,H03K
6791403,6741148,3812,2004,H01L,3812,2004,H01P
6791487,6700527,3728,2004,G01S,3812,2004,G01S
6791583,6731308,3571,2004,G09G,3571,2004,G09G
6791753,6697198,3674,2004,G02B,3663,2004,G02B
6791855,6697912,7370,2004,G11C,3674,2004,G06E
6791872,6720597,3570,2004,G11C,3663,2004,H01L
6791872,6724652,3570,2004,G11C,3674,2004,G11C
6791885,6674115,3674,2004,G11C,3674,2004,H01L
6791885,6687427,3674,2004,G11C,3674,2004,G02B
6791885,6690026,3674,2004,G11C,3674,2004,H01L
6791885,6707712,3674,2004,G11C,3674,2004,G11C
6791885,6714954,3674,2004,G11C,3674,2004,G06F
6792086,6707889,7372,2004,H04M,7372,2004,H04M
6792106,6700978,3674,2004,H04M,3674,2004,H04M
6792141,6687400,3812,2004,G06K,7372,2004,G06K
6792158,6690356,3570,2004,G06K,3571,2004,G09G
6792332,6685184,3579,2004,G06F,3579,2004,B65H
6792332,6687570,3579,2004,G06F,3579,2004,G06F
6792360,6681633,3562,2004,G06F,1600,2004,E21B
6792426,6684387,7370,2004,G06F,7370,2004,G06F
6792426,6704805,7370,2004,G06F,7370,2004,G06F
6792511,6694479,3570,2004,G06F,3570,2004,G11C
6792520,6701421,3570,2004,G06F,7370,2004,G06F
6792599,6721944,3674,2004,G06F,3571,2004,G06F
6792680,6702398,3714,2004,B21D,3562,2004,B60B
6792680,6708589,3714,2004,B21D,3714,2004,B23B
6792864,6717601,3861,2004,B41F,3861,2004,B41J
6792907,6698390,3714,2004,F02M,3714,2004,F02M
6793133,6685086,3578,2004,G06F,3578,2004,G06F
6793134,6702181,3578,2004,G06F,3578,2004,G06K
6793557,6710983,7370,2004,B24B,7370,2004,G11B
6793588,6679782,3949,2004,A63B,3949,2004,A63B
6793733,6677712,3559,2004,C23C,3559,2004,H01J
6793736,6730367,3674,2004,B08B,3674,2004,B05D
6794664,6689221,3559,2004,H01J,3559,2004,C23C
6794664,6740894,3559,2004,H01J,3559,2004,H01J
6794697,6740947,3570,2004,H01L,3570,2004,H01L
6794792,6680549,9997,2004,H02K,9997,2004,H02K
6794792,6727633,9997,2004,H02K,9997,2004,H02K
6794792,6727634,9997,2004,H02K,3728,2004,H02K
6794951,6677828,3559,2004,H03H,2911,2004,H03H
6795081,6717578,3571,2004,G09G,3571,2004,G06T
6795230,6701035,3570,2004,G02B,3570,2004,G02B
6795279,6700753,3572,2004,G11B,3572,2004,G11B
6795307,6688657,3570,2004,G06F,7370,2004,E05C
6795314,6674641,3570,2004,H05K,3571,2004,G06F
6795326,6704222,3674,2004,G11C,3572,2004,G11C
6795585,6707950,3861,2004,G06K,3861,2004,G06K
6795850,6675262,3571,2004,G06F,3570,2004,G06F
6795850,6711652,3571,2004,G06F,7370,2004,G06F
6795850,6738872,3571,2004,G06F,7370,2004,G06F
6795927,6704877,3674,2004,G06F,3674,2004,G06F
6795928,6704877,7370,2004,G06F,3674,2004,G06F
6795954,6754120,3674,2004,B06F,6794,2004,G11C
6796029,6702398,3714,2004,B21D,3562,2004,B60B
6796029,6708589,3714,2004,B21D,3714,2004,B23B
6796195,6698276,3533,2004,G01N,3533,2004,G01N
6796195,6698277,3533,2004,G01N,3533,2004,G01N
6796437,6711339,3661,2004,A47F,3661,2004,G02B
6796506,6714121,3570,2004,G06K,3674,2004,H04Q
6796551,6691988,3630,2004,F02M,3630,2004,F02M
6796554,6708967,3570,2004,B42C,3570,2004,B65H
6796899,6685561,3990,2004,A63F,3990,2004,A63F
6796962,6682510,3089,2004,A61M,3841,2004,A61M
6797113,6685856,2400,2004,D21C,2400,2004,B29B
6797113,6686039,2400,2004,D21C,2400,2004,D02G
6797382,6673434,3728,2004,B32B,3728,2004,B32B
6797555,6693012,3674,2004,H01L,3674,2004,H01L
6797555,6720213,3674,2004,H01L,7370,2004,H01L
6797555,6747318,3674,2004,H01L,3674,2004,H01L
6797572,6703277,3674,2004,H01L,3674,2004,H01L
6797866,6730829,2820,2004,A01H,2820,2004,A01H
6798044,6683375,3674,2004,H01L,3674,2004,H01L
6798225,6686754,3825,2004,G01R,3825,2004,G01R
6798230,6731179,3674,2004,G01R,7370,2004,H03B
6798240,6744278,3674,2004,G06F,3674,2004,H03K
6798350,6693553,3533,2004,G01V,1389,2004,G01V
6798351,6697603,3663,2004,G08C,3357,2004,H04B
6798366,6725409,7373,2004,H03M,3674,2004,H03M
6798615,6721131,3572,2004,G11B,3572,2004,G11B
6798682,6683805,7370,2004,G11C,7370,2004,G11C
6798688,6683805,7370,2004,G11C,7370,2004,G11C
6798724,6674705,3570,2004,G11B,3570,2004,G11B
6798773,6674760,3663,2004,H04L,3576,2004,H04L
6798788,6674769,3674,2004,H04L,3674,2004,H04L
6798937,6730866,3825,2004,G02B,3825,2004,H01H
6798937,6740829,3825,2004,G02B,3825,2004,H01H
6798937,6743991,3825,2004,G02B,3825,2004,H01H
6798937,6750413,3825,2004,G02B,3825,2004,H01H
6798939,6674933,3825,2004,G02B,3825,2004,G02B
6798939,6718085,3825,2004,G02B,3825,2004,G02B
6799030,6697421,3661,2004,H04B,3674,2004,H04B
6799128,6684169,3825,2004,G01R,3825,2004,G06F
6799173,6728963,3571,2004,G06F,7372,2004,G06F
6799181,6687693,7370,2004,G06F,3578,2004,G06F
6799181,6704717,7370,2004,G06F,3578,2004,G06F
6799181,6718338,7370,2004,G06F,7370,2004,G06F
6799187,6706374,6172,2004,G06F,3674,2004,B32B
6799236,6697834,3571,2004,G06F,3571,2004,G06F
6799253,6675378,7372,2004,G06F,7370,2004,G06F
6799262,6675375,7370,2004,G06F,3571,2004,G06F
6799364,6683581,4813,2004,H01Q,4813,2004,H01Q
6799487,6698309,3620,2004,G05G,3620,2004,G05G
6799559,6681728,3714,2004,F02D,3711,2004,F01L
6799559,6729278,3714,2004,F02D,3711,2004,F01L
6799559,6732959,3714,2004,F02D,3714,2004,B05B
6799754,6691990,3714,2004,F16M,3714,2004,F16M
6799932,6672820,3559,2004,B65G,3559,2004,B65H
6800554,6689689,3674,2004,H01L,3674,2004,H01L
6800637,6693197,2834,2004,C07D,2834,2004,C07D
6800884,6700404,3674,2004,H01L,3674,2004,H03K
6800884,6731133,3674,2004,H01L,3674,2004,H03K
6800946,6700068,3663,2004,H01L,7370,2004,H05K
6801020,6745117,3714,2004,H02H,3523,2004,B60K
6801026,6674274,3674,2004,G05F,3674,2004,G05F
6801152,6714155,3812,2004,G01S,3812,2004,G01S
6801424,6678559,3845,2004,H01G,3845,2004,A61N
6801463,6707708,3674,2004,G11C,3674,2004,G11C
6801469,6750694,3674,2004,G11C,3674,2004,H03K
6801470,6717850,3674,2004,G11C,3674,2004,G11C
6801545,6721334,7373,2004,H04J,3576,2004,H04J
6801548,6724757,3576,2004,H04L,3576,2004,H04L
6801548,6735197,3576,2004,H04L,3576,2004,H04L
6801579,6724842,7373,2004,H04L,7373,2004,H04B
6801610,6674851,4813,2004,H04M,4813,2004,H04M
6801613,6674852,3576,2004,H04M,3576,2004,H04M
6801687,6674941,3663,2004,G02B,3728,2004,G02B
6801847,6705294,3531,2004,F02M,3531,2004,F02M
6801906,6725259,7370,2004,G06F,7370,2004,G06F
6801964,6683889,7370,2004,G06F,9997,2004,H04J
6801964,6697356,7370,2004,G06F,4813,2004,H04L
6801964,6708213,7370,2004,G06F,7373,2004,G06F
6801972,6697904,3674,2004,G06F,3674,2004,G06F
6801975,6728815,3576,2004,G06F,3576,2004,G06F
6801975,6745260,3576,2004,G06F,3576,2004,G06F
6802024,6757847,3674,2004,G06F,7370,2004,H02H
6802052,6690392,7370,2004,G06F,3571,2004,G09G
6802054,6678883,7370,2004,G06F,7370,2004,G06F
6802054,6728949,7370,2004,G06F,7370,2004,G06F
6802054,6728955,7370,2004,G06F,7370,2004,G06F
6802054,6742178,7370,2004,G06F,7370,2004,G06F
6802297,6675657,3714,2004,F02M,3714,2004,G01L
6802302,6705301,3510,2004,F02M,3510,2004,F02M
6802536,6749221,3714,2004,B62D,3714,2004,B62D
6802538,6682099,2761,2004,B42D,2761,2004,B42D
6802895,6723160,2840,2004,C08L,2840,2004,C08L
6803648,6723585,3674,2004,H01L,3674,2004,H01L
6803750,6703812,3674,2004,G05F,3674,2004,G05F
6803774,6724324,3825,2004,G01R,3714,2004,H03K
6803813,6710644,3674,2004,H04B,3674,2004,H03K
6803826,6727740,3674,2004,H03L,3674,2004,H03L
6804091,6693782,3571,2004,H02H,3571,2004,H02H
6804134,6697277,3674,2004,G11C,7370,2004,G11C
6804135,6691252,3674,2004,G11C,3570,2004,G06F
6804141,6704218,3825,2004,G11C,3674,2004,G11C
6804141,6754094,3825,2004,G11C,3674,2004,G11C
6804142,6680864,3674,2004,G11C,3674,2004,G11C
6804234,6731596,3674,2004,H04L,3674,2004,H04J
6804234,6732184,3674,2004,H04L,3674,2004,G06F
6804301,6731684,3663,2004,H04N,3663,2004,H04N
6804330,6700965,7372,2004,H04M,4813,2004,H04M
6804376,6681028,7372,2004,G06K,7372,2004,G06K
6804376,6683966,7372,2004,G06K,7372,2004,G06K
6804495,6683555,3812,2004,G01S,3721,2004,H01Q
6804495,6739232,3812,2004,G01S,3672,2004,B64D
6804515,6675013,3663,2004,H04Q,3663,2004,H04Q
6804570,6738931,3570,2004,G06F,9997,2004,G06F
6804619,6721616,3674,2004,G06F,3674,2004,G06F
6804633,6760676,3825,2004,G02F,3825,2004,G06F
6804672,6701345,7372,2004,G06F,8742,2004,G06F
6804681,6735758,3571,2004,G06F,7370,2004,G06F
6804682,6675375,7372,2004,G06F,3571,2004,G06F
6804682,6704926,7372,2004,G06F,7370,2004,G06F
6804682,6704927,7372,2004,G06F,3571,2004,G06F
6804686,6718218,7372,2004,G06F,3570,2004,G06F
6804709,6742015,7372,2004,G06F,8742,2004,G06F
6804719,6681310,7372,2004,G06F,7372,2004,G06F
6804735,6681293,3674,2004,G06F,3571,2004,G06F
6804736,6697904,3570,2004,G06F,3674,2004,G06F
6804741,6694417,3570,2004,G06F,7370,2004,G06F
6804768,6690667,3570,2004,G06F,3674,2004,H04L
6804785,6721746,7370,2004,G06F,7370,2004,G06F
6804785,6735694,7370,2004,G06F,7370,2004,H04L
6804808,6718527,3571,2004,G06F,3571,2004,G06F
6804813,6708169,3570,2004,G06F,7370,2004,G06F
6804946,6675583,3510,2004,F02C,3510,2004,F02C
6805095,6672060,3711,2004,F02D,3711,2004,F02D
6805483,6715295,9997,2004,G01F,9997,2004,F02C
6805966,6761618,3572,2004,B32B,3572,2004,B24B
6806138,6723611,7370,2004,H01L,7370,2004,H01L
6806196,6686237,3674,2004,H01L,3674,2004,H01L
6806196,6713342,3674,2004,H01L,3674,2004,H01L
6806247,6686326,3728,2004,C11D,3728,2004,C08J
6806431,6689976,3825,2004,H01H,3825,2004,H01H
6806431,6740829,3825,2004,H01H,3825,2004,H01H
6806431,6743991,3825,2004,H01H,3825,2004,H01H
6806431,6750413,3825,2004,H01H,3825,2004,H01H
6806431,6756551,3825,2004,H01H,3825,2004,H01H
6806431,6759610,3825,2004,H01H,3825,2004,H01H
6806431,6759611,3825,2004,H01H,3825,2004,H01H
6806431,6762378,3825,2004,H01H,3825,2004,H01H
6806431,6765161,3825,2004,H01H,3825,2004,H01H
6806488,6753544,3570,2004,H01L,3570,2004,H01L
6806559,6706971,8731,2004,H01L,8731,2004,H05K
6806559,6710246,8731,2004,H01L,3674,2004,H01L
6806617,6707227,3714,2004,H02K,3714,2004,H02K
6806662,6690588,6172,2004,H02P,6172,2004,H02M
6806691,6717458,3674,2004,G05F,3674,2004,G05F
6806693,6703813,3674,2004,G05F,3674,2004,G05F
6806693,6703816,3674,2004,G05F,3674,2004,G05F
6806693,6710583,3674,2004,G05F,3674,2004,G05F
6806693,6759836,3674,2004,G05F,3674,2004,G05F
6806715,6678845,3576,2004,G01R,3674,2004,G01R
6806901,6720999,3674,2004,H04N,3576,2004,H04N
6806901,6750906,3674,2004,H04N,3576,2004,H04N
6806901,6750910,3674,2004,H04N,3674,2004,H04N
6806901,6753913,3674,2004,H04N,3674,2004,H04N
6806976,6748471,3570,2004,G06F,3576,2004,G06F
6807010,6734889,3861,2004,G02B,3861,2004,B41J
6807061,6771507,3570,2004,H05K,3570,2004,H05H
6807076,6690588,6172,2004,H02M,6172,2004,H02M
6807095,6717847,3572,2004,G11C,3572,2004,G11C
6807114,6700821,3674,2004,G11C,3674,2004,G11C
6807114,6711056,3674,2004,G11C,3674,2004,G11C
6807114,6724670,3674,2004,G11C,3674,2004,G11C
6807114,6725403,3674,2004,G11C,3674,2004,G11C
6807118,6674679,3570,2004,G11C,3570,2004,G11C
6807181,6754826,3571,2004,G06F,7370,2004,H04L
6807286,6697535,7372,2004,G06K,3823,2004,G06K
6807518,6678678,3711,2004,G06F,3674,2004,G06F
6807518,6728685,3711,2004,G06F,3711,2004,G06F
6807522,6697968,7373,2004,G06F,7373,2004,G06F
6807530,6748366,7370,2004,G06F,3674,2004,G06F
6807548,6675375,7372,2004,G06F,3571,2004,G06F
6807548,6704926,7372,2004,G06F,7370,2004,G06F
6807548,6704927,7372,2004,G06F,3571,2004,G06F
6807552,6748408,7370,2004,G06F,7370,2004,G06F
6807578,6683850,7370,2004,G06F,3674,2004,H04L
6807596,6684343,3570,2004,G06F,3570,2004,G06F
6807599,6691185,3674,2004,G06F,3571,2004,G06F
6807599,6697890,3674,2004,G06F,3674,2004,G06F
6807605,6687765,3570,2004,G06F,7370,2004,G06F
6807608,6704843,7370,2004,G06F,7370,2004,G06F
6807608,6732208,7370,2004,G06F,6794,2004,G06F
6807619,6728836,3572,2004,G06F,3572,2004,G06F
6807622,6715063,3674,2004,G06F,3674,2004,G06F
6807640,6747997,3674,2004,G06F,3674,2004,H04J
6807645,6728914,7370,2004,G01R,7372,2004,G01R
6808259,6682190,3570,2004,B41J,3570,2004,B41J
6808269,6676260,3861,2004,G03B,3861,2004,G03B
6808368,6685434,9997,2004,F01D,9997,2004,F01D
6808368,6722853,9997,2004,F01D,9997,2004,F01D
6808414,6702590,3678,2004,H01R,3678,2004,H01R
6808444,6718111,3678,2004,B24B,3661,2004,G02B
6808471,6688282,3711,2004,B60K,3711,2004,F02D
6808471,6739314,3711,2004,B60K,3711,2004,F02D
6808594,6708467,3579,2004,B43M,3579,2004,B65B
6808600,6736935,2211,2004,D21F,2211,2004,D21F
6808801,6689934,2211,2004,B32B,2211,2004,A61F
6808847,6730436,3420,2004,H01M,3420,2004,H01M
6808943,6713881,3674,2004,H01L,3674,2004,H01L
6808961,6753597,3674,2004,H01L,3674,2004,H01L
6809016,6723621,3674,2004,H01L,7370,2004,H01L
6809051,6686305,3679,2004,C04B,3679,2004,C04B
6809051,6689707,3679,2004,C04B,3679,2004,C04B
6809110,6710063,2834,2004,C07D,2834,2004,A61K
6809258,6674000,3576,2004,H02G,6172,2004,H02G
6809362,6674115,3674,2004,H01L,3674,2004,H01L
6809362,6687427,3674,2004,H01L,3674,2004,G02B
6809362,6690026,3674,2004,H01L,3674,2004,H01L
6809362,6707712,3674,2004,H01L,3674,2004,G11C
6809362,6714954,3674,2004,H01L,3674,2004,G06F
6809417,6717246,3674,2004,H01L,3674,2004,H01L
6809579,6711446,3570,2004,G05F,3600,2004,G05B
6809606,6753739,3674,2004,H03L,3674,2004,H03L
6809669,6744392,3812,2004,H03M,3576,2004,H03M
6809673,6741195,3674,2004,H03M,3674,2004,H03M
6809675,6687493,7370,2004,H03M,3663,2004,H04B
6809676,6677879,3674,2004,H03M,3674,2004,H03M
6809701,6675045,2834,2004,H01Q,2834,2004,A61N
6809701,6687546,2834,2004,H01Q,3845,2004,A61B
6809701,6708065,2834,2004,H01Q,2834,2004,A61N
6809732,6693639,3674,2004,G06F,3571,2004,G06T
6809735,6724767,3571,2004,G06T,3674,2004,H04L
6809906,6704170,7370,2004,G11B,7370,2004,G11B
6809931,6683795,3825,2004,H05K,3674,2004,H05K
6809944,6697275,3674,2004,G11C,3674,2004,G11C
6809944,6718433,3674,2004,G11C,3674,2004,G06F
6809968,6687161,3674,2004,G11C,3674,2004,G11C
6810022,6711177,3728,2004,H04J,3728,2004,H04J
6810034,6731625,3663,2004,H04L,4813,2004,H04L
6810093,6690715,3674,2004,H04L,3674,2004,H04J
6810146,6701293,3861,2004,G06K,3674,2004,G10L
6810146,6741963,3861,2004,G06K,7370,2004,G10L
6810235,6687501,3663,2004,H04B,3663,2004,H04Q
6810306,6691001,3572,2004,G06F,3572,2004,G06F
6810306,6698359,3572,2004,G06F,3572,2004,B61J
6810337,6714884,4813,2004,G01F,3559,2004,G06F
6810337,6737976,4813,2004,G01F,4813,2004,G08B
6810337,6754595,4813,2004,G01F,4813,2004,G01F
6810380,6721632,4813,2004,G10L,7370,2004,G06F
6810380,6732077,4813,2004,G10L,3829,2004,G01L
6810380,6740075,4813,2004,G10L,3845,2004,A61K
6810380,6748052,4813,2004,G10L,4813,2004,H04M
6810465,6678794,3570,2004,G06F,7370,2004,G06F
6810478,6684326,7370,2004,G06F,7370,2004,G06F
6810478,6687820,7370,2004,G06F,7370,2004,G06F
6810478,6735692,7370,2004,G06F,7370,2004,G06F
6810496,6694455,3661,2004,G06F,3661,2004,G08B
6810515,6681377,3674,2004,G06F,7372,2004,G06F
6810516,6738964,3570,2004,G06F,3674,2004,G06F
6810841,6701876,3711,2004,F01L,3714,2004,F01L
6811123,6676083,6172,2004,B64D,6172,2004,B64D
6811250,6733118,3577,2004,B41J,3570,2004,B41J
6811267,6680579,3570,2004,G03B,3570,2004,G09G
6811374,6692228,9997,2004,F01D,9997,2004,F01D
6811375,6692228,9997,2004,F01D,9997,2004,F01D
6811428,6685497,4813,2004,H01R,4813,2004,H01R
6811680,6676484,3559,2004,B23H,3674,2004,B24B
6811696,6688477,3569,2004,B01D,2810,2004,C02F
6811811,6691536,2840,2004,B05D,2840,2004,D06F
6811842,6673057,2840,2004,B01D,2840,2004,A61F
6811938,6682863,3861,2004,G03F,3861,2004,G03C
6812074,6689671,3674,2004,H01L,3674,2004,H01L
6812076,6689650,3674,2004,H01L,7370,2004,H01L
6812087,6673648,3674,2004,H01L,3674,2004,H01L
6812087,6674115,3674,2004,H01L,3674,2004,H01L
6812087,6687427,3674,2004,H01L,3674,2004,G02B
6812087,6690026,3674,2004,H01L,3674,2004,H01L
6812087,6707712,3674,2004,H01L,3674,2004,G11C
6812087,6714954,3674,2004,H01L,3674,2004,G06F
6812119,6706571,3674,2004,H01L,3674,2004,H01L
6812119,6709982,3674,2004,H01L,3674,2004,H01L
6812129,6737222,3674,2004,H01L,3674,2004,G03F
6812183,6686306,2860,2004,B01J,2810,2004,B01J
6812198,6696401,2840,2004,C11D,2840,2004,C11D
6812350,6710040,2834,2004,C07D,2834,2004,C07D
6812366,6693059,2821,2004,C07C,2821,2004,B01J
6812366,6710207,2821,2004,C07C,2821,2004,C07C
6812504,6713810,3674,2004,H01L,3674,2004,H01L
6812550,6756796,3674,2004,H01L,3674,2004,G01R
6812580,6713881,3674,2004,H01L,3674,2004,H01L
6812587,6683389,3510,2004,H02P,3510,2004,F02N
6812587,6713892,3510,2004,H02P,3510,2004,F02N
6812637,6731064,3861,2004,H01J,7370,2004,H01J
6812671,6700350,3674,2004,H01M,3674,2004,H01M
6812731,6708191,3674,2004,H03K,3674,2004,G06F
6812736,6683472,6794,2004,H03K,6794,2004,H03K
6812771,6696888,3674,2004,G06G,3674,2004,G06G
6812815,6714108,3714,2004,H01H,3714,2004,H01H
6813046,6734913,3861,2004,H04N,3570,2004,H04N
6813069,6708003,6172,2004,H01S,3812,2004,H04J
6813087,6771325,3674,2004,G02B,3674,2004,H04N
6813115,6721131,3572,2004,G11B,3572,2004,G11B
6813171,6687141,3674,2004,H02H,3674,2004,H02M
6813178,6673648,3674,2004,G11C,3674,2004,H01L
6813178,6674115,3674,2004,G11C,3674,2004,H01L
6813178,6687427,3674,2004,G11C,3674,2004,G02B
6813178,6690026,3674,2004,G11C,3674,2004,H01L
6813178,6707712,3674,2004,G11C,3674,2004,G11C
6813178,6714954,3674,2004,G11C,3674,2004,G06F
6813251,6701399,3674,2004,H04L,3570,2004,G06F
6813273,6697380,3663,2004,H04L,3674,2004,H04L
6813340,6690792,3576,2004,H04M,3661,2004,H04M
6813483,6766155,3674,2004,H04B,3825,2004,H04B
6813485,6687493,3663,2004,H04B,3663,2004,H04B
6813485,6694128,3663,2004,H04B,3663,2004,H04B
6813485,6704549,3663,2004,H04B,3663,2004,H04B
6813485,6704558,3663,2004,H04B,3663,2004,H04B
6813489,6751453,7370,2004,H04M,7372,2004,H04M
6813497,6690929,4812,2004,H04Q,7373,2004,H04M
6813559,6711477,7370,2004,G01C,3760,2004,G06F
6813627,6711602,3570,2004,G06F,3674,2004,G06F
6813641,6735771,3571,2004,G06F,7373,2004,G06F
6813689,6738848,3572,2004,G06F,3674,2004,G06F
6813691,6678794,3570,2004,G06F,7370,2004,G06F
6813708,6754818,7370,2004,G06F,3571,2004,G06F
6813737,6684350,3576,2004,G01R,3576,2004,G01R
6813761,6675379,7372,2004,G06F,7370,2004,G06F
6813764,6684398,7370,2004,G08F,3571,2004,G06F
6813764,6704927,7370,2004,G08F,3571,2004,G06F
6813764,6718457,7370,2004,G08F,3571,2004,G06F
6813764,6721944,7370,2004,G08F,3571,2004,G06F
6813764,6738967,7370,2004,G08F,7372,2004,G06F
6813853,6741222,3990,2004,G09F,3990,2004,G09G
6813895,6694763,3720,2004,F25B,2810,2004,F25B
6813911,6671916,3600,2004,D06F,3630,2004,D06F
6813964,6685668,2834,2004,G01F,2834,2004,A61M
6814088,6716805,2840,2004,B08B,2840,2004,C11D
6814139,6698518,1600,2004,E21B,3533,2004,E21B
6814169,6672413,9997,2004,B62D,9997,2004,B62D
6815268,6686231,3674,2004,H01L,3674,2004,H01L
6815277,6689650,7370,2004,H01L,7370,2004,H01L
6815297,6716046,3674,2004,H01L,3674,2004,H01L
6815565,6693221,9997,2004,C07C,9997,2004,C07C
6815644,6727478,9997,2004,F24C,9997,2004,F24C
6815644,6730879,9997,2004,F24C,9997,2004,A21B
6815644,6730880,9997,2004,F24C,9997,2004,A21B
6815644,6730881,9997,2004,F24C,3630,2004,F24C
6815729,6686588,3674,2004,H01L,3674,2004,H01J
6815732,6696731,3674,2004,H01L,3674,2004,H01L
6815818,6674115,3674,2004,H01L,3674,2004,H01L
6815818,6687427,3674,2004,H01L,3674,2004,G02B
6815818,6690026,3674,2004,H01L,3674,2004,H01L
6815818,6707712,3674,2004,H01L,3674,2004,G11C
6815818,6714954,3674,2004,H01L,3674,2004,G06F
6815826,6696746,3674,2004,H01L,3674,2004,H01L
6815978,6686759,3674,2004,H03K,7372,2004,G01R
6816128,6690336,3728,2004,H01Q,3661,2004,H01Q
6816196,6750906,3674,2004,H04N,3576,2004,H04N
6816267,6734979,3827,2004,G01B,3827,2004,G01B
6816285,6751358,3577,2004,H04N,3577,2004,G06K
6816374,6698499,7370,2004,H05K,3825,2004,F28F
6816383,6678170,7370,2004,H06K,7370,2004,H05K
6816383,6709276,7370,2004,H06K,7370,2004,H01R
6816387,6741471,7370,2004,H01R,7370,2004,H05K
6816390,6731515,7370,2004,H05K,3674,2004,H05K
6816403,6674679,7370,2004,G11C,3570,2004,G11C
6816414,6706599,3674,2004,G11C,3663,2004,H01L
6816420,6711056,3674,2004,G11C,3674,2004,G11C
6816425,6717873,3674,2004,G11C,3674,2004,G11C
6816465,6754179,3674,2004,H04J,3674,2004,H04L
6816469,6687234,4813,2004,H04L,9997,2004,H04L
6816475,6707826,3812,2004,H04Q,3663,2004,H04J
6816554,6697896,3674,2004,H04L,3674,2004,G06F
6816622,6760486,7372,2004,G06K,9997,2004,G06K
6816718,6760568,3674,2004,H04B,3663,2004,H04B
6816718,6766157,3674,2004,H04B,3674,2004,H04B
6816747,6725183,3711,2004,G06F,9997,2004,G06F
6816889,6690757,3674,2004,G06F,3570,2004,H04L
6816912,6697354,3669,2004,G06F,3576,2004,H04L
6816912,6721297,3669,2004,G06F,3663,2004,H04Q
6816917,6675260,3570,2004,G06F,3570,2004,G06F
6816961,6675182,3571,2004,G06F,7370,2004,G06F
6816979,6715021,3674,2004,G06F,3674,2004,G06F
6816984,6675295,7372,2004,G06F,7372,2004,G06F
6816985,6718446,3571,2004,G06F,3572,2004,G06F
6816985,6738932,3571,2004,G06F,3571,2004,G06F
6816991,6691272,3571,2004,G01R,3674,2004,G01R
6817014,6698015,3570,2004,G06F,3576,2004,G06F
6817014,6708330,3570,2004,G06F,3576,2004,G06F
6817087,6696912,3674,2004,H01F,3674,2004,H01F
6817222,6707929,2840,2004,G01N,2840,2004,G06K
6817336,6694948,3711,2004,F00B,3711,2004,F02D
6817336,6715289,3711,2004,F00B,3711,2004,F02B
6817336,6752121,3711,2004,F00B,3711,2004,F01L
6817405,6741470,7370,2004,F28F,3674,2004,H05K
6817466,6691860,3728,2004,B65G,3728,2004,B65B
6817629,6729693,3812,2004,B60R,3714,2004,A47C
6817723,6733139,3570,2004,G03B,3570,2004,G03B
6817723,6758579,3570,2004,G03B,7370,2004,G03B
6818358,6675369,3674,2004,G03F,3674,2004,G06F
6818360,6674522,3674,2004,G03F,3827,2004,G01N
6818362,6709793,3674,2004,G03F,3663,2004,G03F
6818477,6681483,3663,2004,H01L,3663,2004,H01K
6818513,6750105,3674,2004,H01L,3674,2004,H01L
6818518,6713334,3674,2004,H01L,3674,2004,H01L
6818558,6709928,3674,2004,H01L,3674,2004,H01L
6818558,6713127,3674,2004,H01L,3559,2004,C23C
6818575,6686304,2851,2004,C03C,2851,2004,C03C
6818970,6677667,3674,2004,H01L,3674,2004,H01L
6818970,6686652,3674,2004,H01L,3674,2004,H01L
6819000,6732908,7370,2004,H01L,7370,2004,B23K
6819000,6747472,7370,2004,H01L,7370,2004,G01R
6819008,6683428,3714,2004,H02P,3711,2004,H02P
6819008,6756749,3714,2004,H02P,3570,2004,H02P
6819008,6756757,3714,2004,H02P,3600,2004,H02P
6819078,6768284,3674,2004,H02D,3714,2004,H02D
6819094,6700364,3674,2004,G05F,3674,2004,G05F
6819111,6680613,3533,2004,G01V,1389,2004,G01V
6819111,6710601,3533,2004,G01V,1389,2004,G01V
6819138,6686785,3571,2004,H03K,3571,2004,H03L
6819166,6680632,3674,2004,H03O,3674,2004,H03L
6819170,6727757,3674,2004,G06G,3674,2004,H03F
6819183,6677823,3663,2004,H03F,3357,2004,H03G
6819260,6691779,1600,2004,G01V,1389,2004,E21B
6819260,6693553,1600,2004,G01V,1389,2004,G01V
6819338,6717588,7370,2004,G06F,7372,2004,G09G
6819364,6721881,3651,2004,H04N,3571,2004,G06F
6819562,6683449,3570,2004,H05K,3571,2004,H05K
6819563,6704198,7370,2004,H05K,3663,2004,H05K
6819566,6707168,7370,2004,H05K,3674,2004,H01L
6819578,6678196,3674,2004,G11C,3674,2004,G11C
6819586,6724674,3570,2004,G11C,7370,2004,G11C
6819599,6681301,3674,2004,G11C,3674,2004,G06F
6819622,6751740,3674,2004,G11C,3571,2004,G06F
6819660,6728218,3663,2004,H04B,3663,2004,G01R
6819660,6751199,3663,2004,H04B,3663,2004,H04L
6819683,6675327,7373,2004,G01R,3674,2004,G11B
6819683,6678842,7373,2004,G01R,3674,2004,G11B
6819684,6782066,3674,2004,H04J,3576,2004,H04L
6819684,6785299,3674,2004,H04J,3576,2004,H04J
6819742,6751293,3845,2004,H01J,3845,2004,H01J
6819758,6744881,7389,2004,H04M,7389,2004,H04M
6819844,6714300,6172,2004,G01J,3823,2004,G01J
6819852,6674949,3679,2004,G02B,3679,2004,G02B
6819906,6722650,3577,2004,G03G,3577,2004,B65H
6819908,6683865,3570,2004,H04H,3663,2004,H04L
6819915,6756821,3674,2004,H04B,3674,2004,H03K
6819988,6701282,7370,2004,G01M,3711,2004,G06F
6820022,6691052,2211,2004,G06F,3827,2004,G01N
6820039,6687634,3570,2004,G06F,3570,2004,G01D
6820051,6681341,3674,2004,G06F,3576,2004,G06F
6820101,6757890,3571,2004,G06F,3571,2004,G06F
6820105,6691143,7372,2004,G06F,7372,2004,G06F
6820121,6700809,7370,2004,G06F,3674,2004,G11C
6820121,6718379,7370,2004,G06F,3674,2004,G06F
6820126,6735417,3663,2004,G06F,3663,2004,H04B
6820134,6683865,3576,2004,G06F,3663,2004,H04L
6820150,6725311,7372,2004,G06F,7372,2004,G06F
6820154,6687903,3674,2004,G06F,3572,2004,G06F
6820163,6697888,3674,2004,G06F,3674,2004,G06F
6820163,6742098,3674,2004,G06F,3674,2004,G06F
6820181,6681292,3674,2004,G06F,3674,2004,G06F
6820211,6728833,7370,2004,G06F,7370,2004,G06F
6820218,6732123,7372,2004,G06F,7370,2004,G06F
6820218,6735716,7372,2004,G06F,3576,2004,G06F
6820221,6678840,3570,2004,G06F,3570,2004,G06F
6820292,6701544,2590,2004,A61G,2590,2004,A61G
6820293,6704954,2590,2004,A47C,2590,2004,A47C
6820346,6681323,3829,2004,G06F,3600,2004,G06F
6820346,6684397,3829,2004,G06F,7370,2004,G06F
6820414,6679051,3510,2004,F01N,3711,2004,F01N
6820597,6715462,3711,2004,F02M,3711,2004,F02B
6820600,6738707,3711,2004,F02M,3711,2004,F02D
6820861,6742767,3612,2004,B66F,3612,2004,B66F
6820982,6755532,3861,2004,G03B,3861,2004,G03B
6821352,6677286,2810,2004,C23G,2810,2004,C09K
6821515,6685940,2834,2004,A61K,2834,2004,A61K
6821563,6720027,3559,2004,C23C,3559,2004,B05D
6821583,6720130,3861,2004,B32B,3861,2004,G03F
6821664,6686078,3621,2004,H01M,3621,2004,H01M
6821899,6739953,3559,2004,H01L,3674,2004,B24B
6822135,6689934,2211,2004,A61F,2211,2004,A61F
6822176,6689976,3825,2004,H01H,3825,2004,H01H
6822176,6743991,3825,2004,H01H,3825,2004,H01H
6822176,6765162,3825,2004,H01H,3825,2004,H01H
6822199,6734403,3630,2004,H05B,3630,2004,H05B
6822227,6680476,3825,2004,H01J,3825,2004,B01D
6822396,6724148,3679,2004,H01J,3679,2004,H01J
6822410,6678601,3714,2004,E05F,3714,2004,G05B
6822441,6769168,3714,2004,G01B,3540,2004,H01R
6822463,6688906,3825,2004,G01R,3825,2004,H01R
6822463,6704670,3825,2004,G01R,3825,2004,G01R
6822480,6762621,3674,2004,H03K,3674,2004,H03K
6822482,6686775,3674,2004,H03K,3674,2004,H03K
6822526,6762368,3674,2004,H01P,3571,2004,H05K
6822545,6696912,3674,2004,H01F,3674,2004,H01F
6822545,6701607,3674,2004,H01F,3674,2004,H01F
6822579,6697642,1389,2004,G01W,3674,2004,H04B
6822579,6762718,1389,2004,G01W,4841,2004,H01Q
6822584,6672170,3570,2004,H03M,3674,2004,G01L
6822594,6724332,3576,2004,H03M,3576,2004,H03M
6822615,6677899,3812,2004,H01Q,3812,2004,H01Q
6822763,6687024,3577,2004,H04N,3570,2004,H04N
6822816,6700724,3572,2004,G11B,3572,2004,G11B
6822817,6674595,7370,2004,G11B,3674,2004,G11B
6822863,6678157,3571,2004,H05K,3571,2004,H05K
6822863,6744630,3571,2004,H05K,3571,2004,G06F
6822894,6735110,3674,2004,G11C,3674,2004,G11C
6822904,6687161,3674,2004,G11C,3674,2004,G11C
6822940,6684244,3576,2004,H04L,3570,2004,G06F
6822973,6735454,3663,2004,H04J,3663,2004,H04B
6822973,6738617,3663,2004,H04J,3663,2004,H04Q
6823028,6704377,3674,2004,H04L,7373,2004,H04L
6823185,6738902,3663,2004,H04Q,3663,2004,H04L
6823190,6738808,7370,2004,H04Q,4813,2004,G06F
6823202,6687522,3845,2004,A61B,2835,2004,A61B
6823231,6675053,3674,2004,G06F,3674,2004,H01L
6823231,6735492,3674,2004,G06F,7370,2004,G06F
6823231,6766211,3674,2004,G06F,7370,2004,G06F
6823247,6678606,3711,2004,G06F,3510,2004,G06F
6823272,6745140,3825,2004,G06F,3825,2004,G06F
6823282,6681359,3674,2004,G06F,3674,2004,G01R
6823287,6675129,3531,2004,G06F,9997,2004,G06F
6823297,6721694,1389,2004,G06G,3812,2004,G06G
6823347,6694340,7372,2004,G06F,7370,2004,G06F
6823365,6687743,3570,2004,G06F,7370,2004,G06F
6823369,6694429,7372,2004,G06F,4813,2004,H04L
6823375,6725317,7370,2004,G06F,3570,2004,G06F
6823392,6697378,3570,2004,G06F,3576,2004,H04J
6823401,6697900,3570,2004,G06F,3674,2004,G06F
6823405,6681274,3674,2004,G06F,3674,2004,G06F
6823414,6681261,3674,2004,G06F,3572,2004,G06F
6823424,6678775,3570,2004,G06F,3570,2004,G06F
6823428,6745295,7370,2004,G06F,7370,2004,G06F
6823437,6701420,7370,2004,G06F,3570,2004,G06F
6823445,6691308,7370,2004,G06F,3674,2004,G06F
6823465,6748545,3674,2004,G06F,3674,2004,G06F
6823466,6687844,3825,2004,G11B,3674,2004,G06F
6823474,6691245,3571,2004,G06F,3674,2004,G06F
6823492,6675354,3571,2004,G06F,7370,2004,G06F
6823509,6704803,7370,2004,G06F,7370,2004,G06F
6823509,6704804,7370,2004,G06F,7370,2004,G06F
6823822,6748905,2860,2004,F02B,2860,2004,F02B
6823843,6751947,3711,2004,F02M,3711,2004,F01N
6823950,6705398,2911,2004,E21B,1389,2004,E21B
6824393,6683793,7370,2004,H01R,3572,2004,H05K
6824598,6673140,3570,2004,C09D,3570,2004,C09D
6824687,6720461,3612,2004,B01D,2911,2004,C07C
6824810,6673384,2840,2004,A21D,2840,2004,A23J
6825102,6689671,7370,2004,H01L,3674,2004,H01L
6825114,6673684,3674,2004,H01L,3674,2004,H01L
6825369,6686488,2821,2004,C07F,2821,2004,C07F
6825428,6706981,3674,2004,H01H,3674,2004,H01H
6825642,6696882,3674,2004,G05F,3679,2004,G05F
6825675,6758547,3577,2004,G01R,3577,2004,B41J
6825711,6707747,7370,2004,G05F,3674,2004,G11C
6825747,6696912,3674,2004,H01F,3674,2004,H01F
6825785,6750839,3674,2004,H03M,3674,2004,G09G
6826028,6674274,3674,2004,H02H,3674,2004,G05F
6826030,6709484,3540,2004,H02H,5940,2004,B03C
6826086,6751147,3570,2004,G11C,3570,2004,G11C
6826090,6696873,7370,2004,G11C,3674,2004,H03K
6826092,6707722,3674,2004,G11C,3674,2004,G11C
6826094,6707710,3570,2004,G11C,3570,2004,G11C
6826103,6737909,3674,2004,G11C,3674,2004,G05F
6826113,6681301,7370,2004,G11C,3674,2004,G06F
6826113,6707756,7370,2004,G11C,3674,2004,G11C
6826157,6728216,7370,2004,H04J,3674,2004,H04J
6826204,6697408,3826,2004,H01S,3826,2004,H01S
6826258,6687336,3825,2004,H04M,3825,2004,H04M
6826258,6741676,3825,2004,H04M,3825,2004,H04M
6826267,6690979,9997,2004,H04M,3630,2004,H05B
6826305,6683967,3578,2004,G06K,7370,2004,G06K
6826326,6728445,3674,2004,G02B,2820,2004,G02B
6826326,6738543,3674,2004,G02B,2820,2004,G02B
6826581,6725453,3674,2004,G06F,7372,2004,G06F
6826601,6687848,7372,2004,G06F,3571,2004,G06F
6826602,6751608,4813,2004,G06F,4813,2004,G06F
6826631,6681248,3674,2004,G06F,3661,2004,G06F
6826645,6675248,3674,2004,G06F,3570,2004,G06F
6826645,6675266,3674,2004,G06F,3674,2004,G06F
6826678,6745322,7370,2004,G06F,3570,2004,G06F
6826686,6687836,7370,2004,H04L,3570,2004,H04L
6826695,6732172,7370,2004,H04L,7370,2004,G06F
6826734,6710618,3674,2004,G06F,3674,2004,H03K
6826738,6703170,7373,2004,G06F,3559,2004,G03F
6826830,6673190,7370,2004,H01K,3728,2004,B32B
6826830,6722031,7370,2004,H01K,7370,2004,H01K
6826830,6764748,7370,2004,H01K,7370,2004,B32B
6827124,6698493,3320,2004,B22D,3320,2004,B22D
6827174,6712164,3711,2004,B60K,3711,2004,B60K
6827174,6726438,3711,2004,B60K,3711,2004,B65G
6827174,6731020,3711,2004,B60K,3714,2004,B60L
6827419,6755499,3570,2004,B41J,3570,2004,B41J
6827504,6707679,3825,2004,G02B,3825,2004,H05K
6827504,6722795,3825,2004,G02B,3825,2004,G02B
6827504,6726377,3825,2004,G02B,3825,2004,G02B
6827793,6733596,3559,2004,B08B,3559,2004,B08B
6827868,6734047,7370,2004,H01L,7370,2004,H01L
6827905,6689323,3841,2004,B01L,3825,2004,B01L
6827905,6756232,3841,2004,B01L,3826,2004,G01N
6828049,6713201,3570,2004,H01M,3570,2004,H01M
6828161,6713342,3674,2004,H01L,3674,2004,H01L
6828256,6682602,3674,2004,H01L,3674,2004,C23C
6828280,6776235,1389,2004,E21B,1389,2004,E21B
6828572,6690022,3559,2004,G01N,3559,2004,H01J
6828574,6724002,3559,2004,H01J,3559,2004,H01J
6828610,6744086,3570,2004,H01L,3674,2004,H01L
6828631,6724041,3674,2004,H01L,3674,2004,H01L
6828631,6768172,3674,2004,H01L,3674,2004,H01L
6828632,6716682,3674,2004,H01L,3674,2004,H01L
6828632,6746937,3674,2004,H01L,3674,2004,H01L
6828683,6720247,3674,2004,H01L,3674,2004,H01J
6828852,6708314,3571,2004,H01L,3571,2004,G06F
6828854,6677818,3674,2004,H03G,3674,2004,H03G
6828860,6693491,3674,2004,H03G,3674,2004,H03G
6828864,6690240,3576,2004,H03L,3576,2004,H03L
6828906,6690932,7370,2004,G08B,7373,2004,H04M
6828926,6693566,3674,2004,H03M,3674,2004,H03M
6829089,6702442,3861,2004,G02B,3861,2004,G03B
6829142,6693797,3570,2004,G06F,3674,2004,H05K
6829144,6741470,7370,2004,H05K,3674,2004,H05K
6829153,6697276,3674,2004,G11C,3674,2004,G11C
6829153,6697277,3674,2004,G11C,7370,2004,G11C
6829197,6700833,3721,2004,G01S,3721,2004,G01S
6829214,6675254,3576,2004,G01R,3674,2004,G06F
6829281,6704343,3577,2004,H01S,3577,2004,H01S
6829369,6728391,3760,2004,G06K,4210,2004,G06K
6829380,6701004,3674,2004,G06K,3674,2004,G06K
6829405,6735394,3577,2004,G02B,3661,2004,H04J
6829415,6674940,7373,2004,G02B,7373,2004,G02B
6829470,6678523,7373,2004,H04B,3663,2004,H04Q
6829470,6754169,7373,2004,H04B,3663,2004,H04L
6829519,6779319,7374,2004,G06F,7374,2004,B65B
6829547,6760850,3825,2004,G01R,3570,2004,G06F
6829575,6675227,7370,2004,G06F,7370,2004,G06F
6829575,6704805,7370,2004,G06F,7370,2004,G06F
6829577,6675144,7370,2004,G10L,3570,2004,G10L
6829577,6708154,7370,2004,G10L,7372,2004,G10L
6829577,6738457,7370,2004,G10L,7370,2004,H04M
6829577,6751587,7370,2004,G10L,3674,2004,G01L
6829607,6766069,7372,2004,G06F,3577,2004,G06K
6829617,6681223,7370,2004,G06F,7370,2004,G06F
6829617,6748447,7370,2004,G06F,3572,2004,G06F
6829617,6748504,7370,2004,G06F,7370,2004,G06F
6829640,6681369,7370,2004,G06F,3577,2004,G06F
6829651,6735198,7370,2004,G06F,3576,2004,H04L
6829655,6721787,7372,2004,G06F,3576,2004,G06F
6829685,6690757,7370,2004,G06F,3570,2004,H04L
6829698,6678797,7370,2004,G06F,3674,2004,G06F
6829719,6691250,3674,2004,G06F,3576,2004,G06F
6829746,6681370,7370,2004,G06F,7372,2004,G06F
6829754,6675363,3674,2004,G06F,3674,2004,G06F
6829884,6688100,6172,2004,F02K,6172,2004,F02K
6830020,6684852,3711,2004,F01L,3510,2004,F02B
6830023,6752110,3510,2004,F02M,3510,2004,F02M
6830037,6705292,3714,2004,F02M,9997,2004,F02M
6830039,6722347,3711,2004,F02M,3714,2004,F02M
6830057,6691718,3559,2004,B08B,3559,2004,B08B
6830101,6695048,1389,2004,E21B,1600,2004,E21B
6830145,6690995,2040,2004,B65G,4210,2004,G06F
6830145,6705453,2040,2004,B65G,2840,2004,B65G
6830145,6729463,2040,2004,B65G,3572,2004,B65G
6830229,6715733,3760,2004,F16K,3825,2004,F16K
6830300,6681942,3570,2004,A47B,3570,2004,A47F
6830300,6685033,3570,2004,A47B,3571,2004,A47F
6830300,6702124,3570,2004,A47B,3570,2004,A47F
6830307,6712439,3577,2004,B41J,3577,2004,B41J
6830503,6736992,2890,2004,B24B,3728,2004,C09K
6830529,6688851,3714,2004,F16H,3714,2004,F04B
6830656,6682215,2621,2004,D21H,2621,2004,B01F
6830941,6710284,3674,2004,H01L,3674,2004,B23K
6830941,6727106,3674,2004,H01L,3674,2004,H01L
6830984,6680514,3674,2004,H01L,7370,2004,H01L
6830984,6680520,3674,2004,H01L,7370,2004,H01L
6830984,6680542,3674,2004,H01L,3674,2004,H01L
6830984,6734477,3674,2004,H01L,3674,2004,H01L
6831006,6753241,7370,2004,H01L,3674,2004,H01L
6831019,6686296,3674,2004,H01L,7370,2004,H01L
6831066,6689752,2834,2004,A61K,2834,2004,A61K
6831088,6716861,2834,2004,A61K,2834,2004,A61K
6831215,6730834,2820,2004,A01H,2820,2004,A01H
6831366,6723635,7370,2004,H01L,3674,2004,H01L
6831394,6676602,9997,2004,H01L,9997,2004,A61B
6831506,6683905,3674,2004,H03B,3674,2004,H03K
6831506,6693468,3674,2004,H03B,3674,2004,H03B
6831506,6700929,3674,2004,H03B,3674,2004,H04B
6831506,6701134,3674,2004,H03B,3674,2004,H04B
6831506,6701138,3674,2004,H03B,3674,2004,H04B
6831506,6710664,3674,2004,H03B,3674,2004,H03L
6831506,6720831,3674,2004,H03B,3674,2004,H02H
6831506,6724252,3674,2004,H03B,3674,2004,H03G
6831506,6724265,3674,2004,H03B,3674,2004,H03L
6831506,6728324,3674,2004,H03B,3674,2004,H04D
6831506,6731145,3674,2004,H03B,3674,2004,H03L
6831506,6748204,3674,2004,H03B,3674,2004,H04B
6831511,6731173,3674,2004,H03F,3674,2004,H03F
6831515,6724256,3674,2004,H03F,7370,2004,H03F
6831517,6714081,3674,2004,H03G,3663,2004,H03F
6831583,6681332,3674,2004,H03M,3674,2004,G06F
6831658,6717578,3571,2004,G09G,3571,2004,G06T
6831782,6683723,3861,2004,G02B,3861,2004,G02B
6831804,6690534,3572,2004,G11B,3572,2004,G11B
6831805,6690535,7370,2004,G11B,3572,2004,G11B
6831806,6674603,7370,2004,G11B,7370,2004,G11B
6831861,6707698,3570,2004,G11C,3570,2004,G11C
6831861,6711045,3570,2004,G11C,3570,2004,G11C
6831861,6751149,3570,2004,G11C,3674,2004,G11C
6831861,6774458,3570,2004,G11C,3570,2004,H01L
6831861,6781858,3570,2004,G11C,3570,2004,G11C
6831868,6728910,3674,2004,G11C,3674,2004,G11C
6831899,6760749,4813,2004,H04L,3661,2004,G06F
6831957,6694129,3674,2004,H04L,3663,2004,H04B
6831957,6735416,3674,2004,H04L,4832,2004,H04H
6831957,6738601,3674,2004,H04L,3674,2004,H04B
6832006,6731807,3861,2004,G06K,3674,2004,G06K
6832102,6754189,3570,2004,H04M,7373,2004,H04B
6832134,6714899,3728,2004,G05D,7372,2004,G06F
6832174,6693576,3825,2004,G06F,3825,2004,H03M
6832218,6718324,7370,2004,G06F,7370,2004,G06F
6832223,6687717,3571,2004,G06F,7372,2004,G06F
6832223,6697865,3571,2004,G06F,7372,2004,G06F
6832223,6701438,3571,2004,G06F,3571,2004,H04L
6832240,6772208,7370,2004,G06F,7370,2004,G06F
6832261,6735219,3576,2004,G06F,7370,2004,H04L
6832261,6744741,3576,2004,G06F,3576,2004,H04L
6832265,6732209,3576,2004,G06F,3576,2004,G06F
6832270,6717909,3570,2004,G06F,3661,2004,G01R
6832284,6690726,6794,2004,G06F,3674,2004,H04B
6832302,6675378,4813,2004,G06F,7370,2004,G06F
6832304,6701421,3571,2004,G06F,7370,2004,G06F
6832317,6694378,3674,2004,H04K,3674,2004,G06F
6832317,6697944,3674,2004,H04K,7372,2004,H04L
6832327,6704892,3674,2004,G06F,3674,2004,G01R
6832330,6718352,3572,2004,G06F,3572,2004,G06F
6832341,6687750,7370,2004,G06F,3576,2004,G06F
6832360,6718527,3571,2004,G06F,3571,2004,G06F
6832365,6690961,7372,2004,G06F,3600,2004,A61B
6832376,6687729,7373,2004,G06F,7373,2004,G06F
6832379,6694317,3572,2004,G06F,7370,2004,G06F
6832571,6675734,2221,2004,B65D,2221,2004,B65D
6832823,6773086,3570,2004,B41J,3570,2004,B41J
6833003,6702844,2834,2004,A61F,3841,2004,A61F
6833035,6712577,3559,2004,B65G,3559,2004,B65G
6833278,6740947,3674,2004,H01L,3570,2004,H01L
6833292,6713357,3674,2004,H01L,3674,2004,H01L
6833552,6677599,3559,2004,H01J,3559,2004,H01J
6833559,6673648,3674,2004,H01L,3674,2004,H01L
6833559,6674115,3674,2004,H01L,3674,2004,H01L
6833559,6687427,3674,2004,H01L,3674,2004,G02B
6833559,6690026,3674,2004,H01L,3674,2004,H01L
6833559,6707712,3674,2004,H01L,3674,2004,G11C
6833559,6714954,3674,2004,H01L,3674,2004,G06F
6833581,6765254,3674,2004,H01L,3674,2004,H01L
6833632,6750559,9997,2004,F03D,9997,2004,F03D
6833632,6758656,9997,2004,F03D,3714,2004,F04B
6833632,6770007,9997,2004,F03D,3562,2004,F16H
6833689,6754089,3674,2004,G05F,3674,2004,H02M
6833690,6734656,3674,2004,G05F,3674,2004,G05F
6833706,6674280,1389,2004,G01V,3728,2004,G01B
6833717,6730906,3559,2004,G01R,3559,2004,H01J
6833792,6748423,4813,2004,G08B,3674,2004,G06F
6833792,6757838,4813,2004,G08B,3570,2004,G06F
6833801,6703956,3674,2004,H03M,3825,2004,H03M
6833846,6686911,3577,2004,G09G,3577,2004,G09G
6833936,6785025,7370,2004,H04N,3570,2004,H04N
6833973,6674603,7370,2004,G11B,7370,2004,G11B
6833994,6678157,3571,2004,G06F,3571,2004,H05K
6833994,6680850,3571,2004,G06F,3571,2004,H05K
6833994,6683794,3571,2004,G06F,3571,2004,H05K
6833994,6700351,3571,2004,G06F,3600,2004,H01M
6833996,6700351,3571,2004,H05K,3600,2004,H01M
6834009,6756632,3674,2004,G11C,3674,2004,H01L
6834019,6735132,3674,2004,G11C,3674,2004,G11C
6834065,6707833,3661,2004,H01S,3661,2004,H01S
6834256,6681215,9997,2004,G06F,9997,2004,G06F
6834260,6678339,3674,2004,H04B,3674,2004,H03D
6834299,6708265,7370,2004,G06F,3572,2004,G06F
6834307,6766381,3674,2004,G06F,7370,2004,G06F
6834307,6791989,3674,2004,G06F,3825,2004,H04L
6834311,6687755,3571,2004,G06F,7372,2004,G06F
6834311,6741585,3571,2004,G06F,7373,2004,H04L
6834319,6697890,3674,2004,G06F,3674,2004,G06F
6834362,6697974,3571,2004,G06F,7370,2004,G06K
6834372,6763496,7370,2004,G06F,7372,2004,G06F
6834385,6779182,7370,2004,G06F,3571,2004,G06F
6834390,6683696,7372,2004,G06F,3570,2004,G06F
6834390,6714826,7372,2004,G06F,7370,2004,G06F
6834510,6698233,3571,2004,F25B,3571,2004,F25B
6834549,6686103,3674,2004,G01D,3674,2004,G03F
6834631,6725821,3714,2004,F02N,3714,2004,F02N
6834663,6672325,3674,2004,F16K,3674,2004,F16K
6834713,6714413,3714,2004,F28D,3714,2004,H05K
6834853,6679602,3570,2004,B65H,3570,2004,B41J
6834853,6702493,3570,2004,B65H,3570,2004,B41J
6834853,6709084,3570,2004,B65H,3570,2004,B41J
6834898,6709035,3711,2004,B60R,3711,2004,B60R
6834913,6688680,3714,2004,B60J,2800,2004,B62D
6834913,6705671,3714,2004,B60J,3714,2004,B60K
6834942,6767474,3570,2004,B41J,3570,2004,B41J
6834961,6702442,3861,2004,G03B,3861,2004,G03B
6834961,6768585,3861,2004,G03B,3861,2004,G02B
6835219,6692545,3711,2004,C01B,3711,2004,C10K
6835339,6672047,2820,2004,D01D,2820,2004,D01H
6835339,6673442,2820,2004,D01D,2820,2004,D01F
6835339,6685859,2820,2004,D01D,2820,2004,D01D
6835618,6709982,3674,2004,H01L,3674,2004,H01L
6835648,6706635,3674,2004,H01L,3674,2004,H01L
6835662,6780708,3674,2004,H01L,3674,2004,H01L
6835664,6737723,3674,2004,H01L,3674,2004,H01L
6835837,6740566,2834,2004,C07D,3674,2004,H01L
6835938,6770892,3825,2004,G01N,3825,2004,G01T
6835993,6787872,3674,2004,H01L,3674,2004,H01L
6836144,6683482,3674,2004,H03K,3825,2004,H03K
6836212,6674358,3663,2004,G08B,3663,2004,H04Q
6836218,6727705,1389,2004,G01V,1389,2004,G01V
6836328,6678046,3823,2004,G01B,3823,2004,G01B
6836362,6769292,9997,2004,G01N,8731,2004,G01N
6836386,6760176,7370,2004,G11B,7370,2004,G11B
6836389,6747841,3572,2004,G11B,3572,2004,G11B
6836389,6760191,3572,2004,G11B,3572,2004,G11B
6836407,6690575,3674,2004,G06F,7373,2004,H05K
6836422,6781906,3570,2004,G11C,3570,2004,G11C
6836422,6785156,3570,2004,G11C,3674,2004,G11C
6836434,6691219,3674,2004,G11C,3674,2004,G06F
6836495,6687274,3861,2004,H01S,3861,2004,H01S
6836538,6757367,3674,2004,H04M,3674,2004,H04M
6836650,6697603,3663,2004,H04B,3357,2004,H04B
6836750,6691244,3570,2004,G06F,3571,2004,G06F
6836775,6687701,7370,2004,G06F,3570,2004,G06F
6836821,6711591,3674,2004,G06F,7370,2004,G06F
6836853,6678712,3674,2004,G06F,7370,2004,G06F
6836859,6675258,3571,2004,G06F,3674,2004,G06F
6836859,6681390,3571,2004,G06F,3572,2004,G06F
6836875,6684373,3674,2004,G06F,3571,2004,G06F
6836884,6721941,7372,2004,G06F,7372,2004,G06F
